Instance Name,XTRA,XOPQ,YOPQ,SPAC,WGHT-e,WDTH-e,OPSZ-e,CONTRAST-e
ExtraLight Condensed Contrast-Min,248,44.4000,105.6000,25,200,40,72,-10
ExtraLight Condensed,248,78,72,25,200,40,72,0
ExtraLight Condensed Contrast-Max,248,102.570,61.470,25,200,40,72,10
ExtraLight Condensed Small Contrast-Min,248,59.0132000,118.5198000,75,200,40,12,-10
ExtraLight Condensed Small,248,87.533,90,75,200,40,12,0
ExtraLight Condensed Small Contrast-Max,248,107.065135,81.629085,75,200,40,12,10
Light Condensed Contrast-Min,280,60.11428571428571428571428571,121.1142857142857142857142857,25,300,40,72,-10
Light Condensed,280,95,90,25,300,40,72,0
Light Condensed Contrast-Max,280,117.9964285714285714285714286,78.74642857142857142857142857,25,300,40,72,10
Light Condensed Small Contrast-Min,280,78.63202285714285714285714286,137.4542228571428571428571429,75,300,40,12,-10
Light Condensed Small,280,106.611,112.5,75,300,40,12,0
Light Condensed Small Contrast-Max,280,123.3929207142857142857142857,104.2875707142857142857142857,75,300,40,12,10
Regular Condensed Contrast-Min,290,102.2057142857142857142857143,165.6057142857142857142857143,25,400,40,72,-10
Regular Condensed,290,147,130,25,400,40,72,0
Regular Condensed Contrast-Max,290,175.5750000000000000000000000,114.1250000000000000000000000,25,400,40,72,10
Regular Condensed Small Contrast-Min,290,129.8890628571428571428571428,190.3824628571428571428571428,75,400,40,12,-10
Regular Condensed Small,290,164.967,162.5,75,400,40,12,0
Regular Condensed Small Contrast-Max,290,185.6007535714285714285714286,151.0368035714285714285714286,75,400,40,12,10
Medium Condensed Contrast-Min,323,130.2342857142857142857142857,191.8342857142857142857142857,25,500,40,72,-10
Medium Condensed,323,171,163,25,500,40,72,0
Medium Condensed Contrast-Max,323,193.6057142857142857142857143,148.8057142857142857142857143,25,500,40,72,10
Medium Condensed Small Contrast-Min,323,165.0860000000000000000000000,222.7160000000000000000000000,75,500,40,12,-10
Medium Condensed Small,323,191.9,203.75,75,500,40,12,0
Medium Condensed Small Contrast-Max,323,204.1411785714285714285714286,196.0636785714285714285714286,75,500,40,12,10
Semibold Condensed Contrast-Min,345,203.1428571428571428571428572,263.1428571428571428571428572,25,600,40,72,-10
Semibold Condensed,345,240,240,25,600,40,72,0
Semibold Condensed Contrast-Max,345,257.5714285714285714285714286,227.5714285714285714285714286,25,600,40,72,10
Semibold Condensed Small Contrast-Min,345,255.0818171428571428571428571,308.9484171428571428571428571,75,600,40,12,-10
Semibold Condensed Small,345,269.333,300,75,600,40,12,0
Semibold Condensed Small Contrast-Max,345,271.6366435714285714285714286,298.3705935714285714285714286,75,600,40,12,10
Bold Condensed Contrast-Min,354,241.7714285714285714285714286,312.5714285714285714285714286,25,700,40,72,-10
Bold Condensed,354,322,268,25,700,40,72,0
Bold Condensed Contrast-Max,354,364.2871428571428571428571428,234.3871428571428571428571428,25,700,40,72,10
Bold Condensed Small Contrast-Min,354,273.5088000000000000000000000,346.2840000000000000000000000,75,700,40,12,-10
Bold Condensed Small,354,361.356,297.48,75,700,40,12,0
Bold Condensed Small Contrast-Max,354,408.3201342857142857142857143,260.1495342857142857142857143,75,700,40,12,10
Extrabold Condensed Contrast-Min,330,291.3714285714285714285714286,363.3714285714285714285714286,25,800,40,72,-10
Extrabold Condensed,330,380,320,25,800,40,72,0
Extrabold Condensed Contrast-Max,330,422.8142857142857142857142857,281.8142857142857142857142857,25,800,40,72,10
Extrabold Condensed Small Contrast-Min,330,328.7559771428571428571428572,403.0047771428571428571428572,75,800,40,12,-10
Extrabold Condensed Small,330,426.444,355.2,75,800,40,12,0
Extrabold Condensed Small Contrast-Max,330,474.3100542857142857142857143,312.5086542857142857142857143,75,800,40,12,10
Black Condensed Contrast-Min,318,297.800,373.800,25,900,40,72,-10
Black Condensed,318,407,327,25,900,40,72,0
Black Condensed Contrast-Max,318,456.0000,278.0000,25,900,40,72,10
Black Condensed Small Contrast-Min,318,335.973840,414.728640,75,900,40,12,-10
Black Condensed Small,318,456.744,362.97,75,900,40,12,0
Black Condensed Small Contrast-Max,318,511.5979500,308.1160500,75,900,40,12,10
ExtraLight Contrast-Min,580,49.46280000000000000000000000,110.6598000000000000000000000,25,200,100,72,-10
ExtraLight,580,78.575,72.59,25,200,100,72,0
ExtraLight Contrast-Max,580,100.7969250000000000000000000,59.72467500000000000000000000,25,200,100,72,10
Light Contrast-Min,603.55,89.40693142857142857142857143,155.1811314285714285714285714,25,300,100,72,-10
Light,603.55,133.124,104.253,25,300,100,72,0
Light Contrast-Max,603.55,166.1079259523809523809523810,82.69657595238095238095238095,25,300,100,72,10
Regular Contrast-Min,627,127.7813257142857142857142857,198.1325257142857142857142857,25,400,100,72,-10
Regular,627,187.672,135.916,25,400,100,72,0
Regular Contrast-Max,627,230.3058314285714285714285714,104.5572314285714285714285714,25,400,100,72,10
Medium Contrast-Min,650.5,164.5874628571428571428571429,239.5156628571428571428571429,25,500,100,72,-10
Medium,650.5,242.221,167.58,25,500,100,72,0
Medium Contrast-Max,650.5,293.3931797619047619047619048,125.3073297619047619047619048,25,500,100,72,10
SemiBold Contrast-Min,693.05,223.9251714285714285714285714,303.6157714285714285714285714,25,600,100,72,-10
SemiBold,693.05,321.48,223.027,25,600,100,72,0
SemiBold Contrast-Max,693.05,380.4879545238095238095238095,168.3499045238095238095238095,25,600,100,72,10
Bold Contrast-Min,735.6,281.6297485714285714285714286,366.0825485714285714285714286,25,700,100,72,-10
Bold,735.6,400.738,278.474,25,700,100,72,0
Bold Contrast-Max,735.6,466.4247295238095238095238095,210.2363295238095238095238095,25,700,100,72,10
ExtraBold Contrast-Min,770,315.7768285714285714285714286,407.3348285714285714285714286,25,800,100,72,-10
ExtraBold,770,466.573,308.783,25,800,100,72,0
ExtraBold Contrast-Max,770,542.3815023809523809523809524,220.4700023809523809523809524,25,800,100,72,10
Black Contrast-Min,804.4,347.4888400000000000000000000,446.1520400000000000000000000,25,900,100,72,-10
Black,804.4,532.409,339.093,25,900,100,72,0
Black Contrast-Max,804.4,616.6137266666666666666666667,228.9791266666666666666666667,25,900,100,72,10
ExtraLight Small Contrast-Min,580,63.50922495200000000000000000,122.9974436820000000000000000,75,200,100,12,-10
ExtraLight Small,580,88.17859365,90.7375,75,200,100,12,0
ExtraLight Small Contrast-Max,580,105.8010490649166666666666667,80.53502581241666666666666667,75,200,100,12,10
Light Small Contrast-Min,603.55,111.1054937542857142857142857,174.9211800542857142857142857,75,300,100,12,-10
Light Small,603.55,149.3946815,130.31625,75,300,100,12,0
Light Small Contrast-Max,603.55,177.3447609305952380952380952,112.0496626555952380952380952,75,300,100,12,10
Regular Small Contrast-Min,627,157.2175977051428571428571428,225.3605271451428571428571428,75,400,100,12,-10
Regular Small,627,210.6096472,169.895,75,400,100,12,0
Regular Small Contrast-Max,627,247.8358446500952380952380952,142.5137473300952380952380952,75,400,100,12,10
Medium Small Contrast-Min,650.5,201.8472772377142857142857143,274.3174242577142857142857143,75,500,100,12,-10
Medium Small,650.5,271.8257351,209.475,75,500,100,12,0
Medium Small Contrast-Max,650.5,317.2770891763095238095238095,171.9282292413095238095238095,75,500,100,12,10
SemiBold Small Contrast-Min,693.05,274.0368398057142857142857143,350.4344755257142857142857143,75,600,100,12,-10
SemiBold Small,693.05,360.7719286,278.78375,75,600,100,12,0
SemiBold Small Contrast-Max,693.05,412.5157607299523809523809524,230.8376303199523809523809524,75,600,100,12,10
Bold Small Contrast-Min,735.6,317.9232053097142857142857143,406.0453772697142857142857143,75,700,100,12,-10
Bold Small,735.6,449.7169998,309.10614,75,700,100,12,0
Bold Small Contrast-Max,735.6,523.0526225404285714285714286,232.9225319104285714285714286,75,700,100,12,10
ExtraBold Small Contrast-Min,770,356.0678102834285714285714286,452.2376813234285714285714286,75,800,100,12,-10
ExtraBold Small,770,523.5984852,342.74913,75,800,100,12,0
ExtraBold Small Contrast-Max,770,608.4605296582857142857142857,243.8892225382857142857142857,75,800,100,12,10
Black Small Contrast-Min,804.4,391.4543170720000000000000000,495.6718896320000000000000000,75,900,100,12,-10
Black Small,804.4,597.4810928,376.39323,75,900,100,12,0
Black Small Contrast-Max,804.4,691.9151222646666666666666667,252.9025760846666666666666667,75,900,100,12,10
ExtraLight Extended Contrast-Min,1259,62.56000000000000000000000000,122.7600000000000000000000000,25,200,160,72,-10
ExtraLight Extended,1259,85,84,25,200,160,72,0
ExtraLight Extended Contrast-Max,1259,102.4816666666666666666666667,70.63166666666666666666666666,25,200,160,72,10
ExtraLight Extended Small Contrast-Min,1259,77.61784000000000000000000000,135.6956400000000000000000000,75,200,160,12,-10
ExtraLight Extended Small,1259,95.389,105,75,200,160,12,0
ExtraLight Extended Small Contrast-Max,1259,107.7597016666666666666666667,95.54005166666666666666666666,75,200,160,12,10
Light Extended Contrast-Min,1259,88.33714285714285714285714286,148.7371428571428571428571429,25,300,160,72,-10
Light Extended,1259,113,111,25,300,160,72,0
Light Extended Contrast-Max,1259,130.0576190476190476190476190,96.35761904761904761904761905,25,300,160,72,10
Light Extended Small Contrast-Min,1259,108.7592114285714285714285714,166.3714114285714285714285714,75,300,160,12,-10
Light Extended Small,1259,126.811,138.75,75,300,160,12,0
Light Extended Small Contrast-Max,1259,137.4931859523809523809523810,129.5803359523809523809523810,75,300,160,12,10
Regular Extended Contrast-Min,1259,168.4685714285714285714285714,230.8685714285714285714285714,25,400,160,72,-10
Regular Extended,1259,200,188,25,400,160,72,0
Regular Extended Contrast-Max,1259,220.4828571428571428571428571,168.2828571428571428571428571,25,400,160,72,10
Regular Extended Small Contrast-Min,1259,204.3839085714285714285714286,262.2727085714285714285714286,75,400,160,12,-10
Regular Extended Small,1259,224.444,235,75,400,160,12,0
Regular Extended Small Contrast-Max,1259,235.1579609523809523809523810,224.6865609523809523809523810,75,400,160,12,10
Medium Extended Contrast-Min,1213,257.7428571428571428571428571,322.9428571428571428571428571,25,500,160,72,-10
Medium Extended,1213,299,273,25,500,160,72,0
Medium Extended Contrast-Max,1213,324.0576190476190476190476190,245.9576190476190476190476190,25,500,160,72,10
Medium Extended Small Contrast-Min,1213,311.5041714285714285714285714,370.3653714285714285714285714,75,500,160,12,-10
Medium Extended Small,1213,335.556,341.25,75,500,160,12,0
Medium Extended Small Contrast-Max,1213,347.6568100000000000000000000,328.1907100000000000000000000,75,500,160,12,10
Semibold Extended Contrast-Min,1213,311.1314285714285714285714286,381.5314285714285714285714286,25,600,160,72,-10
Semibold Extended,1213,370,318,25,600,160,72,0
Semibold Extended Contrast-Max,1213,403.5666666666666666666666667,277.3666666666666666666666667,25,600,160,72,10
Semibold Extended Small Contrast-Min,1213,376.1367314285714285714285714,439.6811314285714285714285714,75,600,160,12,-10
Semibold Extended Small,1213,415.222,397.5,75,600,160,12,0
Semibold Extended Small Contrast-Max,1213,435.6079595238095238095238095,372.8222595238095238095238095,75,600,160,12,10
Bold Extended Contrast-Min,1200,354.4514285714285714285714286,435.0514285714285714285714286,25,700,160,72,-10
Bold Extended,1200,448,345,25,700,160,72,0
Bold Extended Contrast-Max,1200,497.8188095238095238095238095,277.2688095238095238095238095,25,700,160,72,10
Bold Extended Small Contrast-Min,1200,398.9317600000000000000000000,482.8929600000000000000000000,75,700,160,12,-10
Bold Extended Small,1200,502.756,382.95,75,700,160,12,0
Bold Extended Small Contrast-Max,1200,558.6289709523809523809523810,306.9878709523809523809523810,75,700,160,12,10
Extrabold Extended Contrast-Min,1275,380.1485714285714285714285715,469.7485714285714285714285715,25,800,160,72,-10
Extrabold Extended,1275,508,360,25,800,160,72,0
Extrabold Extended Contrast-Max,1275,569.5780952380952380952380952,265.7780952380952380952380952,25,800,160,72,10
Extrabold Extended Small Contrast-Min,1275,428.0310628571428571428571429,522.3066628571428571428571429,75,800,160,12,-10
Extrabold Extended Small,1275,570.978,399.6,75,800,160,12,0
Extrabold Extended Small Contrast-Max,1275,640.4099900000000000000000000,293.3606900000000000000000000,75,800,160,12,10
Black Extended Contrast-Min,1350,436.6000000000000000000000000,537.6000000000000000000000000,25,900,160,72,-10
Black Extended,1350,610,405,25,900,160,72,0
Black Extended Contrast-Max,1350,684.8916666666666666666666667,275.6416666666666666666666667,25,900,160,72,10
Black Extended Small Contrast-Min,1350,490.7519200000000000000000000,597.7531200000000000000000000,75,900,160,12,-10
Black Extended Small,1350,684.556,449.55,75,900,160,12,0
Black Extended Small Contrast-Max,1350,768.7995366666666666666666667,304.0384366666666666666666667,75,900,160,12,10
ExtraLight Ultra Extended Contrast-Min,2300,81.280,141.680,25,200,220,72,-10
ExtraLight Ultra Extended,2300,100,98,25,200,220,72,0
ExtraLight Ultra Extended Contrast-Max,2300,115.8500,82.1500,25,200,220,72,10
ExtraLight Ultra Extended Small Contrast-Min,2300,97.922222080,155.866666480,75,200,220,12,-10
ExtraLight Ultra Extended Small,2300,112.222222,122.5,75,200,220,12,0
ExtraLight Ultra Extended Small Contrast-Max,2300,122.8541663500,111.8680556500,75,200,220,12,10
Light Ultra Extended Contrast-Min,2290,111.9200000000000000000000000,173.1200000000000000000000000,25,300,220,72,-10
Light Ultra Extended,2290,134,128,25,300,220,72,0
Light Ultra Extended Contrast-Max,2290,150.5471428571428571428571429,109.4471428571428571428571429,25,300,220,72,10
Light Ultra Extended Small Contrast-Min,2290,134.4573969600000000000000000,192.5329525600000000000000000,75,300,220,12,-10
Light Ultra Extended Small,2290,150.377778,160,75,300,220,12,0
Light Ultra Extended Small Contrast-Max,2290,160.6648733271428571428571429,148.4659840271428571428571429,75,300,220,12,10
Regular Ultra Extended Contrast-Min,2290,146.8571428571428571428571429,210.4571428571428571428571429,25,400,220,72,-10
Regular Ultra Extended,2290,176,158,25,400,220,72,0
Regular Ultra Extended Contrast-Max,2290,196.0614285714285714285714286,132.7614285714285714285714286,25,400,220,72,10
Regular Ultra Extended Small Contrast-Min,2290,176.0777777142857142857142857,236.0799999142857142857142857,75,400,220,12,-10
Regular Ultra Extended Small,2290,197.511111,197.5,75,400,220,12,0
Regular Ultra Extended Small Contrast-Max,2290,210.8010077835714285714285714,180.7804524335714285714285714,75,400,220,12,10
Medium Ultra Extended Contrast-Min,2290,267.0114285714285714285714286,338.6114285714285714285714286,25,500,220,72,-10
Medium Ultra Extended,2290,317,259,25,500,220,72,0
Medium Ultra Extended Contrast-Max,2290,349.8528571428571428571428571,212.5528571428571428571428571,25,500,220,72,10
Medium Ultra Extended Small Contrast-Min,2290,317.7927299200000000000000000,384.1916187200000000000000000,75,500,220,12,-10
Medium Ultra Extended Small,2290,355.744444,323.75,75,500,220,12,0
Medium Ultra Extended Small Contrast-Max,2290,379.4396303514285714285714286,290.2499089514285714285714286,75,500,220,12,10
Semibold Ultra Extended Contrast-Min,2346,300.8342857142857142857142857,374.2342857142857142857142857,25,600,220,72,-10
Semibold Ultra Extended,2346,359,292,25,600,220,72,0
Semibold Ultra Extended Contrast-Max,2346,392.5378571428571428571428572,238.5878571428571428571428572,25,600,220,72,10
Semibold Ultra Extended Small Contrast-Min,2346,359.1899683657142857142857143,426.7655239657142857142857143,75,600,220,12,-10
Semibold Ultra Extended Small,2346,402.877778,365,75,600,220,12,0
Semibold Ultra Extended Small Contrast-Max,2346,426.8677066442857142857142857,326.7938173442857142857142857,75,600,220,12,10
Bold Ultra Extended Contrast-Min,2346,353.6342857142857142857142857,428.2342857142857142857142857,25,700,220,72,-10
Bold Ultra Extended,2346,419,346,25,700,220,72,0
Bold Ultra Extended Contrast-Max,2346,451.8750000000000000000000000,286.8250000000000000000000000,25,700,220,72,10
Bold Ultra Extended Small Contrast-Min,2346,397.8565205828571428571428571,475.0867427828571428571428571,75,700,220,12,-10
Bold Ultra Extended Small,2346,470.211111,384.06,75,700,220,12,0
Bold Ultra Extended Small Contrast-Max,2346,507.0784125535714285714285714,317.6988572035714285714285714,75,700,220,12,10
ExtraBold Ultra Extended Contrast-Min,2380,405.2114285714285714285714286,492.6114285714285714285714286,25,800,220,72,-10
ExtraBold Ultra Extended,2380,511,374,25,800,220,72,0
ExtraBold Ultra Extended Contrast-Max,2380,559.1192857142857142857142857,275.6692857142857142857142857,25,800,220,72,10
ExtraBold Ultra Extended Small Contrast-Min,2380,455.6084700342857142857142857,547.2715812342857142857142857,75,800,220,12,-10
ExtraBold Ultra Extended Small,2380,573.455556,415.14,75,800,220,12,0
ExtraBold Ultra Extended Small Contrast-Max,2380,627.5279719971428571428571429,304.6441933971428571428571429,75,800,220,12,10
Black Ultra Extended Contrast-Min,2470,468.6000,557.4000,25,900,220,72,-10
Black Ultra Extended,2470,585,441,25,900,220,72,0
Black Ultra Extended Contrast-Max,2470,630.720,334.320,25,900,220,72,10
Black Ultra Extended Small Contrast-Min,2470,526.306000,619.704000,75,900,220,12,-10
Black Ultra Extended Small,2470,656.5,489.51,75,900,220,12,0
Black Ultra Extended Small Contrast-Max,2470,708.08245,369.15095,75,900,220,12,10
